Workbook

Sheet Sheet1
A1: Nama Murid | B1: L/P | C1: MTK | D1: IPA | E1: IPS | F1: Total Nilai | G1: Nilai Rata Rata | H1: Status | J1: kriteria kelulusan berdasarkan nilai rata rata
A2: Andi | B2: L | C2: 80 | D2: 90 | E2: 95 | F2: =SUM(C2:E2) -> 265 | G2: =AVERAGE(C2:E2) -> 88.333333 | H2: =IF(G2>65,"Lulus","Tidak Lulus") -> Lulus | I2: kriteria 65-100 Lulus
A3: Budi | B3: L | C3: 40 | D3: 56 | E3: 45 | F3: =SUM(C3:E3) -> 141 | G3: =AVERAGE(C3:E3) -> 47 | H3: =IF(G3>65,"Lulus","Tidak Lulus") -> Tidak Lulus | I3: dibawah 65 tidak Lulus
A4: Clara | B4: P | C4: 26 | D4: 85 | E4: 74 | F4: =SUM(C4:E4) -> 185 | G4: =AVERAGE(C4:E4) -> 61.666667 | H4: =IF(G4>65,"Lulus","Tidak Lulus") -> Tidak Lulus
A5: Eko | B5: L | C5: 89 | D5: 86 | E5: 91 | F5: =SUM(C5:E5) -> 266 | G5: =AVERAGE(C5:E5) -> 88.666667 | H5: =IF(G5>65,"Lulus","Tidak Lulus") -> Lulus
A6: Dewi | B6: P | C6: 56 | D6: 82 | E6: 66 | F6: =SUM(C6:E6) -> 204 | G6: =AVERAGE(C6:E6) -> 68 | H6: =IF(G6>65,"Lulus","Tidak Lulus") -> Lulus
A7: Fiona | B7: P | C7: 48 | D7: 56 | E7: 75 | F7: =SUM(C7:E7) -> 179 | G7: =AVERAGE(C7:E7) -> 59.666667 | H7: =IF(G7>65,"Lulus","Tidak Lulus") -> Tidak Lulus
A8: Gina | B8: P | C8: 29 | D8: 95 | E8: 77 | F8: =SUM(C8:E8) -> 201 | G8: =AVERAGE(C8:E8) -> 67 | H8: =IF(G8>65,"Lulus","Tidak Lulus") -> Lulus
A9: Hesty | B9: P | C9: 89 | D9: 85 | E9: 84 | F9: =SUM(C9:E9) -> 258 | G9: =AVERAGE(C9:E9) -> 86 | H9: =IF(G9>65,"Lulus","Tidak Lulus") -> Lulus
A10: Iqbal | B10: L | C10: 78 | D10: 74 | E10: 81 | F10: =SUM(C10:E10) -> 233 | G10: =AVERAGE(C10:E10) -> 77.666667 | H10: =IF(G10>65,"Lulus","Tidak Lulus") -> Lulus
A11: Juned | B11: L | C11: 55 | D11: 73 | E11: 42 | F11: =SUM(C11:E11) -> 170 | G11: =AVERAGE(C11:E11) -> 56.666667 | H11: =IF(G11>65,"Lulus","Tidak Lulus") -> Tidak Lulus
A13: Banyak murid dikelas | C13: =COUNTA(A2:A11) -> 10
A14: nilai rata rata tertingi | C14: =MAX(G2:G11) -> 88.666667
A15: nilai rata rata terendah | C15: =MIN(G2:G11) -> 47
A17: Banyaknya Murid yang Lulus | C17: =COUNTIF(H2:H11,"Lulus") -> 6
A18: Jumlah total nilai murid yang Lulus | C18: =SUMIF(H2:H11,"Lulus",F2:F11) -> 1427
A19: Rata rata nilai murid yang Lulus | C19: =AVERAGEIF(H2:H11,"Lulus",G2:G11) -> 79.277778

Sheet soal
A1: SOAL LATIHAN LOGISTIK
A3: No. Pemesanan | B3: Nama Customer | C3: Jenis Kelamin | D3: Domisili
A4: 290 | B4: Alvin | C4: Laki-laki | D4: Surabaya
A5: 291 | B5: Hardi | C5: Laki-laki | D5: Bandung
A6: 292 | B6: Laura | C6: Perempuan | D6: Medan
A7: 293 | B7: Putri | C7: Perempuan | D7: Bandung
A8: 294 | B8: Ahmad | C8: Laki-laki | D8: Jakarta
A9: 295 | B9: Fadlan | C9: Laki-laki | D9: Palembang
A10: 296 | B10: Gita | C10: Perempuan | D10: Surabaya
A11: 297 | B11: Jaka | C11: Laki-laki | D11: Medan
A12: 298 | B12: Salsa | C12: Perempuan | D12: Jakarta
A13: 299 | B13: Novi | C13: Perempuan | D13: Palembang
A16: Kota | B16: Jakarta | C16: Bandung | D16: Palembang | E16: Surabaya | F16: Medan
A17: Lama Pengiriman | B17: 2 | C17: 1 | D17: 4 | E17: 3 | F17: 5

Sheet data referensi
A1: SOAL ADMIN LOGISTIK
A2: Tanggal Pemesanan | B2: No. Pemesanan | C2: Nama Customer | D2: Domisili | E2: Lama Pengiriman (Hari) | F2: Tanggal Sampai
A3: 44261 | B3: 295 | C3: =VLOOKUP(B3,soal!$A$4:$D$13,2,0) -> Fadlan | D3: =VLOOKUP(B3,soal!$A$4:$D$13,4,0) -> Palembang | E3: =HLOOKUP(D3,soal!$B$16:$F$17,2,0) -> #N/A | F3: =A3+E3 -> #N/A
A4: 44262 | B4: 298 | C4: =VLOOKUP(B4,soal!$A$4:$D$13,2,0) -> Salsa | D4: =VLOOKUP(B4,soal!$A$4:$D$13,4,0) -> Jakarta | E4: =HLOOKUP(D4,soal!$B$16:$F$17,2,0) -> 2 | F4: =A4+E4 -> 44264
A5: 44263 | B5: 291 | C5: =VLOOKUP(B5,soal!$A$4:$D$13,2,0) -> Hardi | D5: =VLOOKUP(B5,soal!$A$4:$D$13,4,0) -> Bandung | E5: =HLOOKUP(D5,soal!$B$16:$F$17,2,0) -> 1 | F5: =A5+E5 -> 44264
A6: 44264 | B6: 299 | C6: =VLOOKUP(B6,soal!$A$4:$D$13,2,0) -> Novi | D6: =VLOOKUP(B6,soal!$A$4:$D$13,4,0) -> Palembang | E6: =HLOOKUP(D6,soal!$B$16:$F$17,2,0) -> #N/A | F6: =A6+E6 -> #N/A
A7: 44265 | B7: 292 | C7: =VLOOKUP(B7,soal!$A$4:$D$13,2,0) -> Laura | D7: =VLOOKUP(B7,soal!$A$4:$D$13,4,0) -> Medan | E7: =HLOOKUP(D7,soal!$B$16:$F$17,2,0) -> 5 | F7: =A7+E7 -> 44270
A8: 44266 | B8: 296 | C8: =VLOOKUP(B8,soal!$A$4:$D$13,2,0) -> Gita | D8: =VLOOKUP(B8,soal!$A$4:$D$13,4,0) -> Surabaya | E8: =HLOOKUP(D8,soal!$B$16:$F$17,2,0) -> 3 | F8: =A8+E8 -> 44269
A9: 44267 | B9: 293 | C9: =VLOOKUP(B9,soal!$A$4:$D$13,2,0) -> Putri | D9: =VLOOKUP(B9,soal!$A$4:$D$13,4,0) -> Bandung | E9: =HLOOKUP(D9,soal!$B$16:$F$17,2,0) -> 1 | F9: =A9+E9 -> 44268
A10: 44268 | B10: 290 | C10: =VLOOKUP(B10,soal!$A$4:$D$13,2,0) -> Alvin | D10: =VLOOKUP(B10,soal!$A$4:$D$13,4,0) -> Surabaya | E10: =HLOOKUP(D10,soal!$B$16:$F$17,2,0) -> 3 | F10: =A10+E10 -> 44271
A11: 44269 | B11: 294 | C11: =VLOOKUP(B11,soal!$A$4:$D$13,2,0) -> Ahmad | D11: =VLOOKUP(B11,soal!$A$4:$D$13,4,0) -> Jakarta | E11: =HLOOKUP(D11,soal!$B$16:$F$17,2,0) -> 2 | F11: =A11+E11 -> 44271
A12: 44270 | B12: 297 | C12: =VLOOKUP(B12,soal!$A$4:$D$13,2,0) -> Jaka | D12: =VLOOKUP(B12,soal!$A$4:$D$13,4,0) -> Medan | E12: =HLOOKUP(D12,soal!$B$16:$F$17,2,0) -> 5 | F12: =A12+E12 -> 44275
